identifier,session,last_action,version,summary,action_info,authors,coauthors,sponsors,house_committee_data,senate_committee_data,house_conferees,senate_conferees
HB41,85R,11/14/2016 H Filed,Introduced,Relating to the sale of fireworks on and before the Juneteenth holiday.,"[{'Description': 'H Filed', 'Comment': '', 'Date': '11/14/2016', 'Time': '', 'Journal Page': ''}]",['White'],,,"{'name': '', 'status': None, 'votes': {}}","{'name': '', 'status': None, 'votes': {}}",,
HB42,85R,11/14/2016 H Filed,Introduced,Relating to a franchise tax credit for certain taxable entities offering postsecondary tuition assistance.,"[{'Description': 'H Filed', 'Comment': '', 'Date': '11/14/2016', 'Time': '', 'Journal Page': ''}]","['Romero, Jr.']",,,"{'name': '', 'status': None, 'votes': {}}","{'name': '', 'status': None, 'votes': {}}",,
HB43,85R,11/14/2016 H Filed,Introduced,Relating to the public retirement systems of certain municipalities.,"[{'Description': 'H Filed', 'Comment': '', 'Date': '11/14/2016', 'Time': '', 'Journal Page': ''}]",['Flynn'],,,"{'name': '', 'status': None, 'votes': {}}","{'name': '', 'status': None, 'votes': {}}",,
HB44,85R,11/14/2016 H Filed,Introduced,Relating to a limitation on the maximum appraised value of real property for ad valorem tax purposes of 105 percent of the appraised value of the property for the preceding tax year.,"[{'Description': 'H Filed', 'Comment': '', 'Date': '11/14/2016', 'Time': '', 'Journal Page': ''}]",['Keough'],,,"{'name': '', 'status': None, 'votes': {}}","{'name': '', 'status': None, 'votes': {}}",,
HB45,85R,11/14/2016 H Filed,Introduced,Relating to the application of foreign laws and foreign forum selection in this state.,"[{'Description': 'H Filed', 'Comment': '', 'Date': '11/14/2016', 'Time': '', 'Journal Page': ''}]",['Flynn'],,,"{'name': '', 'status': None, 'votes': {}}","{'name': '', 'status': None, 'votes': {}}",,
HB46,85R,11/14/2016 H Filed,Introduced,Relating to the establishment of a public law school in the Rio Grande Valley.,"[{'Description': 'H Filed', 'Comment': '', 'Date': '11/14/2016', 'Time': '', 'Journal Page': ''}]","['Martinez, ""Mando""']",,,"{'name': '', 'status': None, 'votes': {}}","{'name': '', 'status': None, 'votes': {}}",,
HB47,85R,11/14/2016 H Filed,Introduced,Relating to the status of powdered alcohol as an alcoholic beverage for purposes of the Alcoholic Beverage Code.,"[{'Description': 'H Filed', 'Comment': '', 'Date': '11/14/2016', 'Time': '', 'Journal Page': ''}]",['Guillen'],,,"{'name': '', 'status': None, 'votes': {}}","{'name': '', 'status': None, 'votes': {}}",,
HB48,85R,11/14/2016 H Filed,Introduced,Relating to the electronic completion of an application for a ballot to be voted by mail.,"[{'Description': 'H Filed', 'Comment': '', 'Date': '11/14/2016', 'Time': '', 'Journal Page': ''}]","['Romero, Jr.']",,,"{'name': '', 'status': None, 'votes': {}}","{'name': '', 'status': None, 'votes': {}}",,
HB49,85R,11/14/2016 H Filed,Introduced,Relating to the prosecution of the offense of improper relationship between educator and student.,"[{'Description': 'H Filed', 'Comment': '', 'Date': '11/14/2016', 'Time': '', 'Journal Page': ''}]",['Guillen'],,,"{'name': '', 'status': None, 'votes': {}}","{'name': '', 'status': None, 'votes': {}}",,
HB50,85R,11/14/2016 H Filed,Introduced,Relating to the discharge or waiver of fines and costs imposed on indigent defendants.,"[{'Description': 'H Filed', 'Comment': '', 'Date': '11/14/2016', 'Time': '', 'Journal Page': ''}]",['White'],,,"{'name': '', 'status': None, 'votes': {}}","{'name': '', 'status': None, 'votes': {}}",,
HB51,85R,11/14/2016 H Filed,Introduced,Relating to the management of commercial oyster boats in this state.,"[{'Description': 'H Filed', 'Comment': '', 'Date': '11/14/2016', 'Time': '', 'Journal Page': ''}]",['Guillen'],,,"{'name': '', 'status': None, 'votes': {}}","{'name': '', 'status': None, 'votes': {}}",,
HB52,85R,11/14/2016 H Filed,Introduced,Relating to the enforcement of state and federal laws governing immigration and the duties of law enforcement agencies concerning arrested persons and certain persons lawfully detained.,"[{'Description': 'H Filed', 'Comment': '', 'Date': '11/14/2016', 'Time': '', 'Journal Page': ''}]",['Metcalf'],,,"{'name': '', 'status': None, 'votes': {}}","{'name': '', 'status': None, 'votes': {}}",,
HB53,85R,11/14/2016 H Filed,Introduced,Relating to settlement of claims and actions against a governmental unit.,"[{'Description': 'H Filed', 'Comment': '', 'Date': '11/14/2016', 'Time': '', 'Journal Page': ''}]","['Romero, Jr.']",,,"{'name': '', 'status': None, 'votes': {}}","{'name': '', 'status': None, 'votes': {}}",,
HB54,85R,11/14/2016 H Filed,Introduced,Relating to the salary paid to certain professional employees of public schools.,"[{'Description': 'H Filed', 'Comment': '', 'Date': '11/14/2016', 'Time': '', 'Journal Page': ''}]","['Martinez, ""Mando""']",,,"{'name': '', 'status': None, 'votes': {}}","{'name': '', 'status': None, 'votes': {}}",,
HB55,85R,11/14/2016 H Filed,Introduced,Relating to a sales and use tax exemption for certain feminine hygiene products for a limited period.,"[{'Description': 'H Filed', 'Comment': '', 'Date': '11/14/2016', 'Time': '', 'Journal Page': ''}]",['Guillen'],,,"{'name': '', 'status': None, 'votes': {}}","{'name': '', 'status': None, 'votes': {}}",,
HB56,85R,11/14/2016 H Filed,Introduced,Relating to the carrying of a handgun by a first responder engaged in the actual discharge of the first responder's duties.,"[{'Description': 'H Filed', 'Comment': '', 'Date': '11/14/2016', 'Time': '', 'Journal Page': ''}]",['Flynn'],,,"{'name': '', 'status': None, 'votes': {}}","{'name': '', 'status': None, 'votes': {}}",,
HB57,85R,11/14/2016 H Filed,Introduced,Relating to the regulation of raw milk and raw milk products.,"[{'Description': 'H Filed', 'Comment': '', 'Date': '11/14/2016', 'Time': '', 'Journal Page': ''}]",['Flynn'],,,"{'name': '', 'status': None, 'votes': {}}","{'name': '', 'status': None, 'votes': {}}",,
HB58,85R,11/14/2016 H Filed,Introduced,Relating to the creation of a specialty court for certain first-time marihuana possession offenders; imposing a fee for participation.,"[{'Description': 'H Filed', 'Comment': '', 'Date': '11/14/2016', 'Time': '', 'Journal Page': ''}]",['White'],,,"{'name': '', 'status': None, 'votes': {}}","{'name': '', 'status': None, 'votes': {}}",,
HB59,85R,11/14/2016 H Filed,Introduced,Relating to certain lottery prize winners' choice to remain anonymous.,"[{'Description': 'H Filed', 'Comment': '', 'Date': '11/14/2016', 'Time': '', 'Journal Page': ''}]",['Guillen'],,,"{'name': '', 'status': None, 'votes': {}}","{'name': '', 'status': None, 'votes': {}}",,
HB60,85R,11/14/2016 H Filed,Introduced,Relating to requiring a credit access business to verify the vehicle identification number used to obtain a motor vehicle title loan.,"[{'Description': 'H Filed', 'Comment': '', 'Date': '11/14/2016', 'Time': '', 'Journal Page': ''}]","['Romero, Jr.']",,,"{'name': '', 'status': None, 'votes': {}}","{'name': '', 'status': None, 'votes': {}}",,
HB61,85R,11/14/2016 H Filed,Introduced,Relating to consideration under the public school accountability system of performance on assessment instruments by certain students formerly receiving special education services.,"[{'Description': 'H Filed', 'Comment': '', 'Date': '11/14/2016', 'Time': '', 'Journal Page': ''}]",['Guillen'],,,"{'name': '', 'status': None, 'votes': {}}","{'name': '', 'status': None, 'votes': {}}",,
HB62,85R,11/14/2016 H Filed,Introduced,Relating to the use of a wireless communication device while operating a motor vehicle; creating a criminal offense; modifying existing criminal penalties.,"[{'Description': 'H Filed', 'Comment': '', 'Date': '11/14/2016', 'Time': '', 'Journal Page': ''}]","['Craddick ', ' Cook ', ' Lucio III ', ' Geren ', ' Wu']",,,"{'name': '', 'status': None, 'votes': {}}","{'name': '', 'status': None, 'votes': {}}",,
HB63,85R,11/14/2016 H Filed,Introduced,Relating to the operations of the Cancer Prevention and Research Institute of Texas.,"[{'Description': 'H Filed', 'Comment': '', 'Date': '11/14/2016', 'Time': '', 'Journal Page': ''}]","['Davis, Sarah']",,,"{'name': '', 'status': None, 'votes': {}}","{'name': '', 'status': None, 'votes': {}}",,
HB64,85R,11/14/2016 H Filed,Introduced,Relating to abolishing the death penalty.,"[{'Description': 'H Filed', 'Comment': '', 'Date': '11/14/2016', 'Time': '', 'Journal Page': ''}]",['Dutton'],,,"{'name': '', 'status': None, 'votes': {}}","{'name': '', 'status': None, 'votes': {}}",,
HB65,85R,11/14/2016 H Filed,Introduced,Relating to the waiting period for a divorce on the grounds of insupportability.,"[{'Description': 'H Filed', 'Comment': '', 'Date': '11/14/2016', 'Time': '', 'Journal Page': ''}]",['Krause'],,,"{'name': '', 'status': None, 'votes': {}}","{'name': '', 'status': None, 'votes': {}}",,
HB66,85R,11/14/2016 H Filed,Introduced,Relating to the appointment by certain elected officials of students to receive a Texas Armed Services Scholarship.,"[{'Description': 'H Filed', 'Comment': '', 'Date': '11/14/2016', 'Time': '', 'Journal Page': ''}]",['Guillen'],,,"{'name': '', 'status': None, 'votes': {}}","{'name': '', 'status': None, 'votes': {}}",,
HB67,85R,11/14/2016 H Filed,Introduced,Relating to the repeal of the driver responsibility program.,"[{'Description': 'H Filed', 'Comment': '', 'Date': '11/14/2016', 'Time': '', 'Journal Page': ''}]",['White'],,,"{'name': '', 'status': None, 'votes': {}}","{'name': '', 'status': None, 'votes': {}}",,
HB68,85R,11/14/2016 H Filed,Introduced,Relating to eligibility for a public education grant of certain students receiving special education services.,"[{'Description': 'H Filed', 'Comment': '', 'Date': '11/14/2016', 'Time': '', 'Journal Page': ''}]",['Simmons'],,,"{'name': '', 'status': None, 'votes': {}}","{'name': '', 'status': None, 'votes': {}}",,
HB69,85R,11/14/2016 H Filed,Introduced,Relating to a requirement that school districts and open-enrollment charter schools report certain information regarding children with disabilities who reside in residential facilities.,"[{'Description': 'H Filed', 'Comment': '', 'Date': '11/14/2016', 'Time': '', 'Journal Page': ''}]",['Guillen'],,,"{'name': '', 'status': None, 'votes': {}}","{'name': '', 'status': None, 'votes': {}}",,
HB70,85R,11/14/2016 H Filed,Introduced,Relating to automatic voter registration on issuance or change of a driver's license or identification card by the Department of Public Safety.,"[{'Description': 'H Filed', 'Comment': '', 'Date': '11/14/2016', 'Time': '', 'Journal Page': ''}]",['Minjarez'],,,"{'name': '', 'status': None, 'votes': {}}","{'name': '', 'status': None, 'votes': {}}",,
HB71,85R,11/14/2016 H Filed,Introduced,Relating to the transportation of certain mental health patients.,"[{'Description': 'H Filed', 'Comment': '', 'Date': '11/14/2016', 'Time': '', 'Journal Page': ''}]","['Martinez, ""Mando""']",,,"{'name': '', 'status': None, 'votes': {}}","{'name': '', 'status': None, 'votes': {}}",,
HB72,85R,11/14/2016 H Filed,Introduced,"Relating to the establishment, operation, and funding of victim-offender mediation programs; authorizing fees.","[{'Description': 'H Filed', 'Comment': '', 'Date': '11/14/2016', 'Time': '', 'Journal Page': ''}]",['Keough'],,,"{'name': '', 'status': None, 'votes': {}}","{'name': '', 'status': None, 'votes': {}}",,
HB73,85R,11/14/2016 H Filed,Introduced,"Relating to a defense to prosecution for certain offenses involving possession of small amounts of controlled substances and other prohibited drugs, substances, or paraphernalia for defendants seeking assistance for a suspected overdose.","[{'Description': 'H Filed', 'Comment': '', 'Date': '11/14/2016', 'Time': '', 'Journal Page': ''}]",['Guillen'],,,"{'name': '', 'status': None, 'votes': {}}","{'name': '', 'status': None, 'votes': {}}",,
HB74,85R,11/14/2016 H Filed,Introduced,Relating to the Texas Balance of Powers Act.,"[{'Description': 'H Filed', 'Comment': '', 'Date': '11/14/2016', 'Time': '', 'Journal Page': ''}]",['Flynn'],,,"{'name': '', 'status': None, 'votes': {}}","{'name': '', 'status': None, 'votes': {}}",,
HB75,85R,11/14/2016 H Filed,Introduced,Relating to the education and examination requirements for pharmacy technicians.,"[{'Description': 'H Filed', 'Comment': '', 'Date': '11/14/2016', 'Time': '', 'Journal Page': ''}]",['Flynn'],,,"{'name': '', 'status': None, 'votes': {}}","{'name': '', 'status': None, 'votes': {}}",,
HB76,85R,11/14/2016 H Filed,Introduced,Relating to certain conditions of suspension or renewal of a driver's license.,"[{'Description': 'H Filed', 'Comment': '', 'Date': '11/14/2016', 'Time': '', 'Journal Page': ''}]",['White'],,,"{'name': '', 'status': None, 'votes': {}}","{'name': '', 'status': None, 'votes': {}}",,
HB77,85R,11/14/2016 H Filed,Introduced,Relating to the use of individual graduation committees to satisfy certain public high school graduation requirements.,"[{'Description': 'H Filed', 'Comment': '', 'Date': '11/14/2016', 'Time': '', 'Journal Page': ''}]",['Metcalf'],,,"{'name': '', 'status': None, 'votes': {}}","{'name': '', 'status': None, 'votes': {}}",,
HB78,85R,11/14/2016 H Filed,Introduced,"Relating to credits to certain accounts of the Parks and Wildlife Department resulting from the allocation of the proceeds from taxes imposed on the sale, storage, or use of sporting goods.","[{'Description': 'H Filed', 'Comment': '', 'Date': '11/14/2016', 'Time': '', 'Journal Page': ''}]",['Guillen'],,,"{'name': '', 'status': None, 'votes': {}}","{'name': '', 'status': None, 'votes': {}}",,
HB79,85R,11/14/2016 H Filed,Introduced,Relating to the use of alternative assessment instruments for students in a special education program of a public school district.,"[{'Description': 'H Filed', 'Comment': '', 'Date': '11/14/2016', 'Time': '', 'Journal Page': ''}]",['Guillen'],,,"{'name': '', 'status': None, 'votes': {}}","{'name': '', 'status': None, 'votes': {}}",,
HB80,85R,11/14/2016 H Filed,Introduced,Relating to electronic voter registration.,"[{'Description': 'H Filed', 'Comment': '', 'Date': '11/14/2016', 'Time': '', 'Journal Page': ''}]",['Alvarado'],,,"{'name': '', 'status': None, 'votes': {}}","{'name': '', 'status': None, 'votes': {}}",,
HB81,85R,11/14/2016 H Filed,Introduced,Relating to a civil action to collect a civil penalty for possession of certain small amounts of marihuana and an exception to prosecution for possession of associated drug paraphernalia.,"[{'Description': 'H Filed', 'Comment': '', 'Date': '11/14/2016', 'Time': '', 'Journal Page': ''}]",['Moody'],,,"{'name': '', 'status': None, 'votes': {}}","{'name': '', 'status': None, 'votes': {}}",,
HB82,85R,11/14/2016 H Filed,Introduced,Relating to the penalties for possession of one ounce or less of marihuana and eligibility for placement on community supervision or on deferred adjudication community supervision for that offense.,"[{'Description': 'H Filed', 'Comment': '', 'Date': '11/14/2016', 'Time': '', 'Journal Page': ''}]",['Dutton'],,,"{'name': '', 'status': None, 'votes': {}}","{'name': '', 'status': None, 'votes': {}}",,
HB83,85R,11/14/2016 H Filed,Introduced,Relating to a fee waiver for a combination resident hunting and fishing license for certain military personnel.,"[{'Description': 'H Filed', 'Comment': '', 'Date': '11/14/2016', 'Time': '', 'Journal Page': ''}]",['Flynn'],,,"{'name': '', 'status': None, 'votes': {}}","{'name': '', 'status': None, 'votes': {}}",,
HB84,85R,11/14/2016 H Filed,Introduced,Relating to the sunset review date for the Cancer Prevention and Research Institute of Texas and the time for awarding cancer research and prevention grants.,"[{'Description': 'H Filed', 'Comment': '', 'Date': '11/14/2016', 'Time': '', 'Journal Page': ''}]","['Davis, Sarah']",,,"{'name': '', 'status': None, 'votes': {}}","{'name': '', 'status': None, 'votes': {}}",,
HB85,85R,11/14/2016 H Filed,Introduced,Relating to the selection of the chief appraiser of an appraisal district; authorizing a fee.,"[{'Description': 'H Filed', 'Comment': '', 'Date': '11/14/2016', 'Time': '', 'Journal Page': ''}]",['Keough'],,,"{'name': '', 'status': None, 'votes': {}}","{'name': '', 'status': None, 'votes': {}}",,
HB86,85R,11/14/2016 H Filed,Introduced,Relating to providing a sales and use tax refund or franchise tax credit for businesses that employ former offenders.,"[{'Description': 'H Filed', 'Comment': '', 'Date': '11/14/2016', 'Time': '', 'Journal Page': ''}]",['Guillen'],,,"{'name': '', 'status': None, 'votes': {}}","{'name': '', 'status': None, 'votes': {}}",,
HB87,85R,11/14/2016 H Filed,Introduced,Relating to the regulation of abortion procedures.,"[{'Description': 'H Filed', 'Comment': '', 'Date': '11/14/2016', 'Time': '', 'Journal Page': ''}]",['Schaefer'],,,"{'name': '', 'status': None, 'votes': {}}","{'name': '', 'status': None, 'votes': {}}",,
HB88,85R,11/14/2016 H Filed,Introduced,Relating to an unlawful employment practice by an employer whose leave policy does not permit an employee to use leave to care for the employee's foster child.,"[{'Description': 'H Filed', 'Comment': '', 'Date': '11/14/2016', 'Time': '', 'Journal Page': ''}]","['Martinez, ""Mando""']",,,"{'name': '', 'status': None, 'votes': {}}","{'name': '', 'status': None, 'votes': {}}",,
HB89,85R,11/14/2016 H Filed,Introduced,Relating to state contracts with and investments in companies that boycott Israel.,"[{'Description': 'H Filed', 'Comment': '', 'Date': '11/14/2016', 'Time': '', 'Journal Page': ''}]","['King, Phil']",,,"{'name': '', 'status': None, 'votes': {}}","{'name': '', 'status': None, 'votes': {}}",,
HB90,85R,11/14/2016 H Filed,Introduced,Relating to expanding the category of persons required to pay certain costs on conviction imposed to support drug court programs.,"[{'Description': 'H Filed', 'Comment': '', 'Date': '11/14/2016', 'Time': '', 'Journal Page': ''}]",['Minjarez'],,,"{'name': '', 'status': None, 'votes': {}}","{'name': '', 'status': None, 'votes': {}}",,
HB91,85R,11/14/2016 H Filed,Introduced,Relating to a review of occupational licensing requirements related to an applicant's criminal history.,"[{'Description': 'H Filed', 'Comment': '', 'Date': '11/14/2016', 'Time': '', 'Journal Page': ''}]",['White'],,,"{'name': '', 'status': None, 'votes': {}}","{'name': '', 'status': None, 'votes': {}}",,
HB92,85R,11/14/2016 H Filed,Introduced,Relating to the entitlement of spouses of certain veterans with disabilities to a veteran's employment preference.,"[{'Description': 'H Filed', 'Comment': '', 'Date': '11/14/2016', 'Time': '', 'Journal Page': ''}]",['Guillen'],,,"{'name': '', 'status': None, 'votes': {}}","{'name': '', 'status': None, 'votes': {}}",,
HB93,85R,11/14/2016 H Filed,Introduced,Relating to repealing insupportability as a ground for divorce.,"[{'Description': 'H Filed', 'Comment': '', 'Date': '11/14/2016', 'Time': '', 'Journal Page': ''}]",['Krause'],,,"{'name': '', 'status': None, 'votes': {}}","{'name': '', 'status': None, 'votes': {}}",,
HB94,85R,11/14/2016 H Filed,Introduced,Relating to the basic allotment and the equalized wealth level under the public school finance system.,"[{'Description': 'H Filed', 'Comment': '', 'Date': '11/14/2016', 'Time': '', 'Journal Page': ''}]",['Dutton'],,,"{'name': '', 'status': None, 'votes': {}}","{'name': '', 'status': None, 'votes': {}}",,
HB95,85R,11/14/2016 H Filed,Introduced,Relating to daylight saving time.,"[{'Description': 'H Filed', 'Comment': '', 'Date': '11/14/2016', 'Time': '', 'Journal Page': ''}]",['Flynn'],,,"{'name': '', 'status': None, 'votes': {}}","{'name': '', 'status': None, 'votes': {}}",,
HB96,85R,11/14/2016 H Filed,Introduced,Relating to the repeal of the offense of homosexual conduct.,"[{'Description': 'H Filed', 'Comment': '', 'Date': '11/14/2016', 'Time': '', 'Journal Page': ''}]",['Moody'],,,"{'name': '', 'status': None, 'votes': {}}","{'name': '', 'status': None, 'votes': {}}",,
HB97,85R,11/14/2016 H Filed,Introduced,Relating to consent to the immunization of certain children for cancer prevention or treatment.,"[{'Description': 'H Filed', 'Comment': '', 'Date': '11/14/2016', 'Time': '', 'Journal Page': ''}]","['Davis, Sarah']",,,"{'name': '', 'status': None, 'votes': {}}","{'name': '', 'status': None, 'votes': {}}",,
HB98,85R,11/14/2016 H Filed,Introduced,Relating to the requirements for newspaper notice of a public meeting on a permit issued under the National Pollutant Discharge Elimination System.,"[{'Description': 'H Filed', 'Comment': '', 'Date': '11/14/2016', 'Time': '', 'Journal Page': ''}]","['Martinez, ""Mando""']",,,"{'name': '', 'status': None, 'votes': {}}","{'name': '', 'status': None, 'votes': {}}",,
HB99,85R,11/14/2016 H Filed,Introduced,"Relating to the enforcement of certain federal laws regulating firearms, firearm accessories, and firearm ammunition; creating a criminal offense.","[{'Description': 'H Filed', 'Comment': '', 'Date': '11/14/2016', 'Time': '', 'Journal Page': ''}]",['Keough'],,,"{'name': '', 'status': None, 'votes': {}}","{'name': '', 'status': None, 'votes': {}}",,
HB101,85R,11/14/2016 H Filed,Introduced,Relating to the development of and contracting for reclaimed water facilities in certain municipalities.,"[{'Description': 'H Filed', 'Comment': '', 'Date': '11/14/2016', 'Time': '', 'Journal Page': ''}]",['Craddick'],,,"{'name': '', 'status': None, 'votes': {}}","{'name': '', 'status': None, 'votes': {}}",,
HB102,85R,11/14/2016 H Filed,Introduced,"Relating to exemptions from ad valorem taxes, the sales and use tax, and the franchise tax for certain businesses during an initial period of operation in this state.","[{'Description': 'H Filed', 'Comment': '', 'Date': '11/14/2016', 'Time': '', 'Journal Page': ''}]",['Guillen'],,,"{'name': '', 'status': None, 'votes': {}}","{'name': '', 'status': None, 'votes': {}}",,
HB103,85R,11/14/2016 H Filed,Introduced,Relating to certain body cavity searches conducted by a peace officer.,"[{'Description': 'H Filed', 'Comment': '', 'Date': '11/14/2016', 'Time': '', 'Journal Page': ''}]",['Dutton'],,,"{'name': '', 'status': None, 'votes': {}}","{'name': '', 'status': None, 'votes': {}}",,
HB104,85R,11/14/2016 H Filed,Introduced,Relating to notification provided to certain victims of criminal offenses.,"[{'Description': 'H Filed', 'Comment': '', 'Date': '11/14/2016', 'Time': '', 'Journal Page': ''}]",['White'],,,"{'name': '', 'status': None, 'votes': {}}","{'name': '', 'status': None, 'votes': {}}",,
HB105,85R,11/14/2016 H Filed,Introduced,Relating to the exclusion of Internet access service from the sales and use tax.,"[{'Description': 'H Filed', 'Comment': '', 'Date': '11/14/2016', 'Time': '', 'Journal Page': ''}]",['Metcalf'],,,"{'name': '', 'status': None, 'votes': {}}","{'name': '', 'status': None, 'votes': {}}",,
HB106,85R,11/14/2016 H Filed,Introduced,Relating to certain images captured by an unmanned aircraft.,"[{'Description': 'H Filed', 'Comment': '', 'Date': '11/14/2016', 'Time': '', 'Journal Page': ''}]","['Martinez, ""Mando""']",,,"{'name': '', 'status': None, 'votes': {}}","{'name': '', 'status': None, 'votes': {}}",,
HB107,85R,11/14/2016 H Filed,Introduced,Relating to a human papillomavirus immunization report.,"[{'Description': 'H Filed', 'Comment': '', 'Date': '11/14/2016', 'Time': '', 'Journal Page': ''}]","['Davis, Sarah']",,,"{'name': '', 'status': None, 'votes': {}}","{'name': '', 'status': None, 'votes': {}}",,
HB108,85R,11/14/2016 H Filed,Introduced,Relating to the creation of the Recruit Texas Program to facilitate the relocation to or expansion in this state of employers offering complex or high-skilled employment opportunities.,"[{'Description': 'H Filed', 'Comment': '', 'Date': '11/14/2016', 'Time': '', 'Journal Page': ''}]",['Alvarado'],,,"{'name': '', 'status': None, 'votes': {}}","{'name': '', 'status': None, 'votes': {}}",,
HB109,85R,11/14/2016 H Filed,Introduced,Relating to the permit required to transport alcoholic beverages between certain permitted premises; authorizing a fee.,"[{'Description': 'H Filed', 'Comment': '', 'Date': '11/14/2016', 'Time': '', 'Journal Page': ''}]",['White'],,,"{'name': '', 'status': None, 'votes': {}}","{'name': '', 'status': None, 'votes': {}}",,
HB110,85R,11/14/2016 H Filed,Introduced,"Relating to the enforcement of certain federal laws regulating firearms, firearm accessories, and firearm ammunition within the State of Texas.","[{'Description': 'H Filed', 'Comment': '', 'Date': '11/14/2016', 'Time': '', 'Journal Page': ''}]",['Krause'],,,"{'name': '', 'status': None, 'votes': {}}","{'name': '', 'status': None, 'votes': {}}",,
HB111,85R,11/14/2016 H Filed,Introduced,Relating to an educational program and fee reductions to improve firearm safety.,"[{'Description': 'H Filed', 'Comment': '', 'Date': '11/14/2016', 'Time': '', 'Journal Page': ''}]",['Moody'],,,"{'name': '', 'status': None, 'votes': {}}","{'name': '', 'status': None, 'votes': {}}",,
HB112,85R,11/14/2016 H Filed,Introduced,Relating to a limitation on the amount of tuition charged by public institutions of higher education.,"[{'Description': 'H Filed', 'Comment': '', 'Date': '11/14/2016', 'Time': '', 'Journal Page': ''}]",['Dutton'],,,"{'name': '', 'status': None, 'votes': {}}","{'name': '', 'status': None, 'votes': {}}",,
HB113,85R,11/14/2016 H Filed,Introduced,Relating to the authority of the governing body of a local authority to impose a civil penalty for certain violations recorded by an automated traffic control system or a photographic traffic signal enforcement system; providing a civil penalty.,"[{'Description': 'H Filed', 'Comment': '', 'Date': '11/14/2016', 'Time': '', 'Journal Page': ''}]",['Keough'],,,"{'name': '', 'status': None, 'votes': {}}","{'name': '', 'status': None, 'votes': {}}",,
HB114,85R,11/14/2016 H Filed,Introduced,Relating to zero-based budgeting for certain entities funded by this state and submission of a zero-based budget by and performance of a financial audit of an agency undergoing review by the Sunset Advisory Commission.,"[{'Description': 'H Filed', 'Comment': '', 'Date': '11/14/2016', 'Time': '', 'Journal Page': ''}]",['Krause'],,,"{'name': '', 'status': None, 'votes': {}}","{'name': '', 'status': None, 'votes': {}}",,
HB115,85R,11/14/2016 H Filed,Introduced,Relating to the value of a residential dwelling that may be offered or awarded as a prize at a charitable raffle.,"[{'Description': 'H Filed', 'Comment': '', 'Date': '11/14/2016', 'Time': '', 'Journal Page': ''}]",['Guillen'],,,"{'name': '', 'status': None, 'votes': {}}","{'name': '', 'status': None, 'votes': {}}",,
HB116,85R,11/14/2016 H Filed,Introduced,Relating to the availability of certain pre-suit discovery in connection with a claim involving injury to or death of a minor.,"[{'Description': 'H Filed', 'Comment': '', 'Date': '11/14/2016', 'Time': '', 'Journal Page': ''}]",['Minjarez'],,,"{'name': '', 'status': None, 'votes': {}}","{'name': '', 'status': None, 'votes': {}}",,
HB117,85R,11/14/2016 H Filed,Introduced,Relating to ethyl alcohol monitoring as a condition of community supervision for certain intoxication offenses; authorizing the imposition of costs.,"[{'Description': 'H Filed', 'Comment': '', 'Date': '11/14/2016', 'Time': '', 'Journal Page': ''}]",['White'],,,"{'name': '', 'status': None, 'votes': {}}","{'name': '', 'status': None, 'votes': {}}",,
HB118,85R,11/14/2016 H Filed,Introduced,Relating to the personal needs allowance for certain Medicaid recipients who are residents of long-term care facilities.,"[{'Description': 'H Filed', 'Comment': '', 'Date': '11/14/2016', 'Time': '', 'Journal Page': ''}]",['Moody'],,,"{'name': '', 'status': None, 'votes': {}}","{'name': '', 'status': None, 'votes': {}}",,
HB119,85R,11/14/2016 H Filed,Introduced,Relating to the listing of separate interests in minerals in place in ad valorem tax appraisal records.,"[{'Description': 'H Filed', 'Comment': '', 'Date': '11/14/2016', 'Time': '', 'Journal Page': ''}]",['Craddick'],,,"{'name': '', 'status': None, 'votes': {}}","{'name': '', 'status': None, 'votes': {}}",,
HB120,85R,11/14/2016 H Filed,Introduced,Relating to non-medical exemptions from immunization requirements.,"[{'Description': 'H Filed', 'Comment': '', 'Date': '11/14/2016', 'Time': '', 'Journal Page': ''}]","['Davis, Sarah']",,,"{'name': '', 'status': None, 'votes': {}}","{'name': '', 'status': None, 'votes': {}}",,
HB121,85R,11/14/2016 H Filed,Introduced,Relating to registration of a motor vehicle alleged to have been involved in a violation detected by a photographic traffic signal enforcement system.,"[{'Description': 'H Filed', 'Comment': '', 'Date': '11/14/2016', 'Time': '', 'Journal Page': ''}]",['Keough'],,,"{'name': '', 'status': None, 'votes': {}}","{'name': '', 'status': None, 'votes': {}}",,
HB122,85R,11/14/2016 H Filed,Introduced,Relating to the age of criminal responsibility and to certain substantive and procedural matters related to that age.,"[{'Description': 'H Filed', 'Comment': '', 'Date': '11/14/2016', 'Time': '', 'Journal Page': ''}]",['Dutton'],,,"{'name': '', 'status': None, 'votes': {}}","{'name': '', 'status': None, 'votes': {}}",,
HB123,85R,11/14/2016 H Filed,Introduced,Relating to performance incentive funding for certain medical schools based on public health impact.,"[{'Description': 'H Filed', 'Comment': '', 'Date': '11/14/2016', 'Time': '', 'Journal Page': ''}]",['White'],,,"{'name': '', 'status': None, 'votes': {}}","{'name': '', 'status': None, 'votes': {}}",,
HB124,85R,11/14/2016 H Filed,Introduced,Relating to the duties of a law enforcement agency regarding the immigration status of an arrested person and the enforcement of an immigration detainer.,"[{'Description': 'H Filed', 'Comment': '', 'Date': '11/14/2016', 'Time': '', 'Journal Page': ''}]",['Krause'],,,"{'name': '', 'status': None, 'votes': {}}","{'name': '', 'status': None, 'votes': {}}",,
HB125,85R,11/14/2016 H Filed,Introduced,Relating to the appointment of guardians ad litem and guardians.,"[{'Description': 'H Filed', 'Comment': '', 'Date': '11/14/2016', 'Time': '', 'Journal Page': ''}]",['Keough'],,,"{'name': '', 'status': None, 'votes': {}}","{'name': '', 'status': None, 'votes': {}}",,
HB126,85R,11/14/2016 H Filed,Introduced,Relating to an educational module certificate requirement for certain immunization exemptions; authorizing a fee.,"[{'Description': 'H Filed', 'Comment': '', 'Date': '11/14/2016', 'Time': '', 'Journal Page': ''}]","['Davis, Sarah']",,,"{'name': '', 'status': None, 'votes': {}}","{'name': '', 'status': None, 'votes': {}}",,
HB127,85R,11/14/2016 H Filed,Introduced,Relating to the use of credit scoring in the underwriting and rating of certain insurance policies.,"[{'Description': 'H Filed', 'Comment': '', 'Date': '11/14/2016', 'Time': '', 'Journal Page': ''}]",['White'],,,"{'name': '', 'status': None, 'votes': {}}","{'name': '', 'status': None, 'votes': {}}",,
HB128,85R,11/14/2016 H Filed,Introduced,Relating to the eligibility of a relative or other designated caregiver of a foster child for monetary assistance.,"[{'Description': 'H Filed', 'Comment': '', 'Date': '11/14/2016', 'Time': '', 'Journal Page': ''}]",['Minjarez'],,,"{'name': '', 'status': None, 'votes': {}}","{'name': '', 'status': None, 'votes': {}}",,
HB129,85R,11/14/2016 H Filed,Introduced,Relating to the manner in which a payor of proceeds derived from the sale of oil or gas production is required to provide certain information to a royalty interest owner.,"[{'Description': 'H Filed', 'Comment': '', 'Date': '11/14/2016', 'Time': '', 'Journal Page': ''}]",['Craddick'],,,"{'name': '', 'status': None, 'votes': {}}","{'name': '', 'status': None, 'votes': {}}",,
HB130,85R,11/14/2016 H Filed,Introduced,Relating to the penalty for certain offenders for possession of a small amount of certain controlled substances.,"[{'Description': 'H Filed', 'Comment': '', 'Date': '11/14/2016', 'Time': '', 'Journal Page': ''}]",['Dutton'],,,"{'name': '', 'status': None, 'votes': {}}","{'name': '', 'status': None, 'votes': {}}",,
HB131,85R,11/14/2016 H Filed,Introduced,"Relating to exempting the intrastate manufacture of a firearm, a firearm accessory, or ammunition from federal regulation.","[{'Description': 'H Filed', 'Comment': '', 'Date': '11/14/2016', 'Time': '', 'Journal Page': ''}]",['Krause'],,,"{'name': '', 'status': None, 'votes': {}}","{'name': '', 'status': None, 'votes': {}}",,
HB132,85R,11/14/2016 H Filed,Introduced,Relating to the ability of certain relative caretakers of dependent children to receive supplemental financial assistance and be assigned as protective payees for financial assistance payments.,"[{'Description': 'H Filed', 'Comment': '', 'Date': '11/14/2016', 'Time': '', 'Journal Page': ''}]",['Minjarez'],,,"{'name': '', 'status': None, 'votes': {}}","{'name': '', 'status': None, 'votes': {}}",,
HB133,85R,11/14/2016 H Filed,Introduced,Relating to the status of powdered alcohol as an alcoholic beverage for purposes of the Alcoholic Beverage Code.,"[{'Description': 'H Filed', 'Comment': '', 'Date': '11/14/2016', 'Time': '', 'Journal Page': ''}]",['Alvarado'],,,"{'name': '', 'status': None, 'votes': {}}","{'name': '', 'status': None, 'votes': {}}",,
HB134,85R,11/14/2016 H Filed,Introduced,Relating to a peace officer training advisory committee.,"[{'Description': 'H Filed', 'Comment': '', 'Date': '11/14/2016', 'Time': '', 'Journal Page': ''}]",['Dutton'],,,"{'name': '', 'status': None, 'votes': {}}","{'name': '', 'status': None, 'votes': {}}",,
HB135,85R,11/14/2016 H Filed,Introduced,Relating to reporting by political subdivisions regarding the receipt or expenditure of federal funds.,"[{'Description': 'H Filed', 'Comment': '', 'Date': '11/14/2016', 'Time': '', 'Journal Page': ''}]",['Krause'],,,"{'name': '', 'status': None, 'votes': {}}","{'name': '', 'status': None, 'votes': {}}",,
HB136,85R,11/14/2016 H Filed,Introduced,Relating to inclusion of career and technology education and workforce training in the mission of public education.,"[{'Description': 'H Filed', 'Comment': '', 'Date': '11/14/2016', 'Time': '', 'Journal Page': ''}]",['Bell'],,,"{'name': '', 'status': None, 'votes': {}}","{'name': '', 'status': None, 'votes': {}}",,
HB137,85R,11/14/2016 H Filed,Introduced,Relating to filling a vacancy in nomination by special primary election.,"[{'Description': 'H Filed', 'Comment': '', 'Date': '11/14/2016', 'Time': '', 'Journal Page': ''}]",['Dutton'],,,"{'name': '', 'status': None, 'votes': {}}","{'name': '', 'status': None, 'votes': {}}",,
HB138,85R,11/14/2016 H Filed,Introduced,Relating to the creation of the Fiscal Risk Management Commission.,"[{'Description': 'H Filed', 'Comment': '', 'Date': '11/14/2016', 'Time': '', 'Journal Page': ''}]",['Krause'],,,"{'name': '', 'status': None, 'votes': {}}","{'name': '', 'status': None, 'votes': {}}",,
HB139,85R,11/14/2016 H Filed,Introduced,Relating to the authority of a property owner to request that notice of a protest hearing before the appraisal review board be delivered by certified mail.,"[{'Description': 'H Filed', 'Comment': '', 'Date': '11/14/2016', 'Time': '', 'Journal Page': ''}]",['Bell'],,,"{'name': '', 'status': None, 'votes': {}}","{'name': '', 'status': None, 'votes': {}}",,
HB140,85R,11/14/2016 H Filed,Introduced,Relating to convictions considered for purposes of enhancing the punishment for certain intoxication offenses.,"[{'Description': 'H Filed', 'Comment': '', 'Date': '11/14/2016', 'Time': '', 'Journal Page': ''}]",['Dutton'],,,"{'name': '', 'status': None, 'votes': {}}","{'name': '', 'status': None, 'votes': {}}",,
HB141,85R,11/14/2016 H Filed,Introduced,Relating to prohibiting the operation of State Highway 255 as a toll project.,"[{'Description': 'H Filed', 'Comment': '', 'Date': '11/14/2016', 'Time': '', 'Journal Page': ''}]",['Raymond'],,,"{'name': '', 'status': None, 'votes': {}}","{'name': '', 'status': None, 'votes': {}}",,
HB142,85R,11/14/2016 H Filed,Introduced,"Relating to the creation of the offense of indecent assault, to judicial protection for victims of that offense, and to certain criminal acts committed in relation to that offense.","[{'Description': 'H Filed', 'Comment': '', 'Date': '11/14/2016', 'Time': '', 'Journal Page': ''}]",['Moody'],,,"{'name': '', 'status': None, 'votes': {}}","{'name': '', 'status': None, 'votes': {}}",,
HB143,85R,11/14/2016 H Filed,Introduced,Relating to electronic voter registration.,"[{'Description': 'H Filed', 'Comment': '', 'Date': '11/14/2016', 'Time': '', 'Journal Page': ''}]",['Israel'],,,"{'name': '', 'status': None, 'votes': {}}","{'name': '', 'status': None, 'votes': {}}",,
HB144,85R,11/14/2016 H Filed,Introduced,Relating to electronic reporting requirements for an abortion facility.,"[{'Description': 'H Filed', 'Comment': '', 'Date': '11/14/2016', 'Time': '', 'Journal Page': ''}]",['Schaefer'],,,"{'name': '', 'status': None, 'votes': {}}","{'name': '', 'status': None, 'votes': {}}",,
HB145,85R,11/14/2016 H Filed,Introduced,Relating to public school students evaluated for purposes of accountability ratings in certain school districts.,"[{'Description': 'H Filed', 'Comment': '', 'Date': '11/14/2016', 'Time': '', 'Journal Page': ''}]",['Dutton'],,,"{'name': '', 'status': None, 'votes': {}}","{'name': '', 'status': None, 'votes': {}}",,
HB146,85R,11/14/2016 H Filed,Introduced,Relating to the use of supplemental nutrition assistance program benefits by electronic benefits transfer.,"[{'Description': 'H Filed', 'Comment': '', 'Date': '11/14/2016', 'Time': '', 'Journal Page': ''}]","['Davis, Sarah']",,,"{'name': '', 'status': None, 'votes': {}}","{'name': '', 'status': None, 'votes': {}}",,
HB147,85R,11/14/2016 H Filed,Introduced,Relating to the extent of a defendant's criminal responsibility for the conduct of a coconspirator in certain felony cases.,"[{'Description': 'H Filed', 'Comment': '', 'Date': '11/14/2016', 'Time': '', 'Journal Page': ''}]",['Dutton'],,,"{'name': '', 'status': None, 'votes': {}}","{'name': '', 'status': None, 'votes': {}}",,
HB148,85R,11/14/2016 H Filed,Introduced,Relating to electronic benefits transfer cards used for recipients of benefits under certain assistance programs.,"[{'Description': 'H Filed', 'Comment': '', 'Date': '11/14/2016', 'Time': '', 'Journal Page': ''}]",['Schaefer'],,,"{'name': '', 'status': None, 'votes': {}}","{'name': '', 'status': None, 'votes': {}}",,
HB149,85R,11/14/2016 H Filed,Introduced,Relating to the enforcement by certain governmental entities of state and federal laws governing immigration.,"[{'Description': 'H Filed', 'Comment': '', 'Date': '11/14/2016', 'Time': '', 'Journal Page': ''}]",['Simmons'],,,"{'name': '', 'status': None, 'votes': {}}","{'name': '', 'status': None, 'votes': {}}",,
HB150,85R,11/14/2016 H Filed,Introduced,Relating to the exemption from ad valorem taxation of part of the appraised value of the residence homestead of a partially disabled veteran or the surviving spouse of a partially disabled veteran if the residence homestead was donated to the disabled veteran by a charitable organization for less than the market value of the residence homestead.,"[{'Description': 'H Filed', 'Comment': '', 'Date': '11/14/2016', 'Time': '', 'Journal Page': ''}]",['Bell'],,,"{'name': '', 'status': None, 'votes': {}}","{'name': '', 'status': None, 'votes': {}}",,
HB151,85R,11/14/2016 H Filed,Introduced,Relating to a proposition to approve the issuance of bonds or other debt.,"[{'Description': 'H Filed', 'Comment': '', 'Date': '11/14/2016', 'Time': '', 'Journal Page': ''}]",['Simmons'],,,"{'name': '', 'status': None, 'votes': {}}","{'name': '', 'status': None, 'votes': {}}",,
HB152,85R,11/14/2016 H Filed,Introduced,Relating to the restoration of certain rights to a criminal defendant.,"[{'Description': 'H Filed', 'Comment': '', 'Date': '11/14/2016', 'Time': '', 'Journal Page': ''}]",['Dutton'],,,"{'name': '', 'status': None, 'votes': {}}","{'name': '', 'status': None, 'votes': {}}",,
HB153,85R,11/14/2016 H Filed,Introduced,Relating to the authority of a municipality to regulate occupations.,"[{'Description': 'H Filed', 'Comment': '', 'Date': '11/14/2016', 'Time': '', 'Journal Page': ''}]",['Schaefer'],,,"{'name': '', 'status': None, 'votes': {}}","{'name': '', 'status': None, 'votes': {}}",,
HB154,85R,11/14/2016 H Filed,Introduced,Relating to authorization for a school district board of trustees to adopt or remove term limits.,"[{'Description': 'H Filed', 'Comment': '', 'Date': '11/14/2016', 'Time': '', 'Journal Page': ''}]",['Simmons'],,,"{'name': '', 'status': None, 'votes': {}}","{'name': '', 'status': None, 'votes': {}}",,
HB155,85R,11/14/2016 H Filed,Introduced,Relating to the state's burden of proof in certain asset forfeiture proceedings under the Code of Criminal Procedure.,"[{'Description': 'H Filed', 'Comment': '', 'Date': '11/14/2016', 'Time': '', 'Journal Page': ''}]",['Schaefer'],,,"{'name': '', 'status': None, 'votes': {}}","{'name': '', 'status': None, 'votes': {}}",,
HB156,85R,11/14/2016 H Filed,Introduced,Relating to establishing a pilot program in designated public high schools in certain municipalities for placement of students in Junior Reserve Officers' Training Corps programs as an alternative to placement in disciplinary or juvenile justice alternative education programs.,"[{'Description': 'H Filed', 'Comment': '', 'Date': '11/14/2016', 'Time': '', 'Journal Page': ''}]",['Raymond'],,,"{'name': '', 'status': None, 'votes': {}}","{'name': '', 'status': None, 'votes': {}}",,
HB157,85R,11/14/2016 H Filed,Introduced,Relating to an appropriation of money from the economic stabilization fund for classroom teacher salary increases.,"[{'Description': 'H Filed', 'Comment': '', 'Date': '11/14/2016', 'Time': '', 'Journal Page': ''}]",['Raymond'],,,"{'name': '', 'status': None, 'votes': {}}","{'name': '', 'status': None, 'votes': {}}",,
HB158,85R,11/14/2016 H Filed,Introduced,Relating to the recording and disclosure of certain grand jury proceedings that involve a peace officer.,"[{'Description': 'H Filed', 'Comment': '', 'Date': '11/14/2016', 'Time': '', 'Journal Page': ''}]",['Dutton'],,,"{'name': '', 'status': None, 'votes': {}}","{'name': '', 'status': None, 'votes': {}}",,
HB159,85R,11/14/2016 H Filed,Introduced,Relating to electronic voter registration.,"[{'Description': 'H Filed', 'Comment': '', 'Date': '11/14/2016', 'Time': '', 'Journal Page': ''}]",['Dutton'],,,"{'name': '', 'status': None, 'votes': {}}","{'name': '', 'status': None, 'votes': {}}",,
HB160,85R,11/14/2016 H Filed,Introduced,Relating to the use of a wireless communication device while operating a motor vehicle; creating a criminal offense; modifying existing criminal penalties.,"[{'Description': 'H Filed', 'Comment': '', 'Date': '11/14/2016', 'Time': '', 'Journal Page': ''}]",['Lucio III'],,,"{'name': '', 'status': None, 'votes': {}}","{'name': '', 'status': None, 'votes': {}}",,
HB161,85R,11/14/2016 H Filed,Introduced,Relating to the child support obligation of an obligor during the obligor's confinement in jail or prison.,"[{'Description': 'H Filed', 'Comment': '', 'Date': '11/14/2016', 'Time': '', 'Journal Page': ''}]",['Dutton'],,,"{'name': '', 'status': None, 'votes': {}}","{'name': '', 'status': None, 'votes': {}}",,
HB162,85R,11/14/2016 H Filed,Introduced,Relating to conditions of community supervision for defendants convicted of certain criminal offenses involving animals.,"[{'Description': 'H Filed', 'Comment': '', 'Date': '11/14/2016', 'Time': '', 'Journal Page': ''}]",['Lucio III'],,,"{'name': '', 'status': None, 'votes': {}}","{'name': '', 'status': None, 'votes': {}}",,
HB163,85R,11/14/2016 H Filed,Introduced,Relating to early voting by mail by any qualified voter.,"[{'Description': 'H Filed', 'Comment': '', 'Date': '11/14/2016', 'Time': '', 'Journal Page': ''}]",['Dutton'],,,"{'name': '', 'status': None, 'votes': {}}","{'name': '', 'status': None, 'votes': {}}",,
HB164,85R,11/14/2016 H Filed,Introduced,Relating to the establishment of a grocery access investment fund program.,"[{'Description': 'H Filed', 'Comment': '', 'Date': '11/14/2016', 'Time': '', 'Journal Page': ''}]",['Lucio III'],,,"{'name': '', 'status': None, 'votes': {}}","{'name': '', 'status': None, 'votes': {}}",,
HB165,85R,11/14/2016 H Filed,Introduced,Relating to health benefit plan coverage for certain equipment and supplies associated with diabetes treatment.,"[{'Description': 'H Filed', 'Comment': '', 'Date': '11/14/2016', 'Time': '', 'Journal Page': ''}]",['Raymond'],,,"{'name': '', 'status': None, 'votes': {}}","{'name': '', 'status': None, 'votes': {}}",,
HB166,85R,11/14/2016 H Filed,Introduced,Relating to the prohibition of corporal punishment as a method of student discipline.,"[{'Description': 'H Filed', 'Comment': '', 'Date': '11/14/2016', 'Time': '', 'Journal Page': ''}]",['Lucio III'],,,"{'name': '', 'status': None, 'votes': {}}","{'name': '', 'status': None, 'votes': {}}",,
HB167,85R,11/14/2016 H Filed,Introduced,Relating to a limitation on the maximum appraised value of real property for ad valorem tax purposes of 105 percent of the appraised value of the property for the preceding tax year.,"[{'Description': 'H Filed', 'Comment': '', 'Date': '11/14/2016', 'Time': '', 'Journal Page': ''}]",['Bell'],,,"{'name': '', 'status': None, 'votes': {}}","{'name': '', 'status': None, 'votes': {}}",,
HB168,85R,11/14/2016 H Filed,Introduced,Relating to creating a voluntary program to recognize licensed before-school and after-school programs that promote healthy eating and physical activity.,"[{'Description': 'H Filed', 'Comment': '', 'Date': '11/14/2016', 'Time': '', 'Journal Page': ''}]",['Lucio III'],,,"{'name': '', 'status': None, 'votes': {}}","{'name': '', 'status': None, 'votes': {}}",,
HB169,85R,11/14/2016 H Filed,Introduced,Relating to the establishment of a public law school in the Rio Grande Valley.,"[{'Description': 'H Filed', 'Comment': '', 'Date': '11/14/2016', 'Time': '', 'Journal Page': ''}]",['Lucio III'],,,"{'name': '', 'status': None, 'votes': {}}","{'name': '', 'status': None, 'votes': {}}",,
HB170,85R,11/14/2016 H Filed,Introduced,"Relating to exempting books purchased, used, or consumed by university and college students from the sales and use tax for limited periods.","[{'Description': 'H Filed', 'Comment': '', 'Date': '11/14/2016', 'Time': '', 'Journal Page': ''}]",['Lucio III'],,,"{'name': '', 'status': None, 'votes': {}}","{'name': '', 'status': None, 'votes': {}}",,
HB171,85R,11/14/2016 H Filed,Introduced,Relating to certain facilities transactions between school districts and charter schools.,"[{'Description': 'H Filed', 'Comment': '', 'Date': '11/14/2016', 'Time': '', 'Journal Page': ''}]",['Dutton'],,,"{'name': '', 'status': None, 'votes': {}}","{'name': '', 'status': None, 'votes': {}}",,
HB172,85R,11/14/2016 H Filed,Introduced,Relating to the consideration of the performance of students of limited English proficiency on state assessment instruments and inclusion of related information in campus report cards.,"[{'Description': 'H Filed', 'Comment': '', 'Date': '11/14/2016', 'Time': '', 'Journal Page': ''}]",['Lucio III'],,,"{'name': '', 'status': None, 'votes': {}}","{'name': '', 'status': None, 'votes': {}}",,
HB173,85R,11/14/2016 H Filed,Introduced,Relating to the licensing and regulation of certain rainwater harvesting; providing administrative penalties; authorizing fees; requiring an occupational license.,"[{'Description': 'H Filed', 'Comment': '', 'Date': '11/14/2016', 'Time': '', 'Journal Page': ''}]",['Lucio III'],,,"{'name': '', 'status': None, 'votes': {}}","{'name': '', 'status': None, 'votes': {}}",,
HB174,85R,11/14/2016 H Filed,Introduced,Relating to the authority of the Texas Water Development Board to provide financial assistance to political subdivisions for water supply projects.,"[{'Description': 'H Filed', 'Comment': '', 'Date': '11/14/2016', 'Time': '', 'Journal Page': ''}]",['Lucio III'],,,"{'name': '', 'status': None, 'votes': {}}","{'name': '', 'status': None, 'votes': {}}",,
HB175,85R,11/14/2016 H Filed,Introduced,Relating to a study regarding the costs of educating students of limited English proficiency in public schools.,"[{'Description': 'H Filed', 'Comment': '', 'Date': '11/14/2016', 'Time': '', 'Journal Page': ''}]",['Lucio III'],,,"{'name': '', 'status': None, 'votes': {}}","{'name': '', 'status': None, 'votes': {}}",,
HB176,85R,11/14/2016 H Filed,Introduced,Relating to public and private school searches of students with parental consent and certain disciplinary measures and other procedures that may arise from such a search.,"[{'Description': 'H Filed', 'Comment': '', 'Date': '11/14/2016', 'Time': '', 'Journal Page': ''}]",['Raymond'],,,"{'name': '', 'status': None, 'votes': {}}","{'name': '', 'status': None, 'votes': {}}",,
HB177,85R,11/14/2016 H Filed,Introduced,Relating to the bilingual education allotment provided under the public school finance system.,"[{'Description': 'H Filed', 'Comment': '', 'Date': '11/14/2016', 'Time': '', 'Journal Page': ''}]",['Lucio III'],,,"{'name': '', 'status': None, 'votes': {}}","{'name': '', 'status': None, 'votes': {}}",,
HB178,85R,11/14/2016 H Filed,Introduced,Relating to the impoundment of a motor vehicle operated without financial responsibility and involved in an accident; authorizing a fee.,"[{'Description': 'H Filed', 'Comment': '', 'Date': '11/14/2016', 'Time': '', 'Journal Page': ''}]",['Lucio III'],,,"{'name': '', 'status': None, 'votes': {}}","{'name': '', 'status': None, 'votes': {}}",,
HB179,85R,11/14/2016 H Filed,Introduced,Relating to the employment of certified school counselors by school districts.,"[{'Description': 'H Filed', 'Comment': '', 'Date': '11/14/2016', 'Time': '', 'Journal Page': ''}]",['Lucio III'],,,"{'name': '', 'status': None, 'votes': {}}","{'name': '', 'status': None, 'votes': {}}",,
HB180,85R,11/14/2016 H Filed,Introduced,Relating to the review of groundwater conservation districts by the state auditor.,"[{'Description': 'H Filed', 'Comment': '', 'Date': '11/14/2016', 'Time': '', 'Journal Page': ''}]",['Lucio III'],,,"{'name': '', 'status': None, 'votes': {}}","{'name': '', 'status': None, 'votes': {}}",,
HB181,85R,11/14/2016 H Filed,Introduced,Relating to the use of public school counselors' work time.,"[{'Description': 'H Filed', 'Comment': '', 'Date': '11/14/2016', 'Time': '', 'Journal Page': ''}]",['Lucio III'],,,"{'name': '', 'status': None, 'votes': {}}","{'name': '', 'status': None, 'votes': {}}",,
HB182,85R,11/14/2016 H Filed,Introduced,Relating to a study of the economic impact of requiring the disclosure of the sales price of real property.,"[{'Description': 'H Filed', 'Comment': '', 'Date': '11/14/2016', 'Time': '', 'Journal Page': ''}]",['Bernal'],,,"{'name': '', 'status': None, 'votes': {}}","{'name': '', 'status': None, 'votes': {}}",,
HB183,85R,11/14/2016 H Filed,Introduced,Relating to the consequences of successfully completing a period of deferred adjudication community supervision.,"[{'Description': 'H Filed', 'Comment': '', 'Date': '11/14/2016', 'Time': '', 'Journal Page': ''}]",['Dutton'],,,"{'name': '', 'status': None, 'votes': {}}","{'name': '', 'status': None, 'votes': {}}",,
HB184,85R,11/14/2016 H Filed,Introduced,Relating to public school accountability for bilingual education and English as a second language and other special language programs.,"[{'Description': 'H Filed', 'Comment': '', 'Date': '11/14/2016', 'Time': '', 'Journal Page': ''}]",['Bernal'],,,"{'name': '', 'status': None, 'votes': {}}","{'name': '', 'status': None, 'votes': {}}",,
HB185,85R,11/14/2016 H Filed,Introduced,Relating to reporting principal turnover information in the performance report of a public school district.,"[{'Description': 'H Filed', 'Comment': '', 'Date': '11/14/2016', 'Time': '', 'Journal Page': ''}]",['Bernal'],,,"{'name': '', 'status': None, 'votes': {}}","{'name': '', 'status': None, 'votes': {}}",,
HB186,85R,11/14/2016 H Filed,Introduced,Relating to a study regarding the costs of educating educationally disadvantaged students and students of limited English proficiency in public schools.,"[{'Description': 'H Filed', 'Comment': '', 'Date': '11/14/2016', 'Time': '', 'Journal Page': ''}]",['Bernal'],,,"{'name': '', 'status': None, 'votes': {}}","{'name': '', 'status': None, 'votes': {}}",,
HB187,85R,11/14/2016 H Filed,Introduced,Relating to requiring the Texas Department of Criminal Justice to provide notice to certain persons of the right to vote.,"[{'Description': 'H Filed', 'Comment': '', 'Date': '11/14/2016', 'Time': '', 'Journal Page': ''}]",['Dutton'],,,"{'name': '', 'status': None, 'votes': {}}","{'name': '', 'status': None, 'votes': {}}",,
HB188,85R,11/14/2016 H Filed,Introduced,Relating to student/teacher ratios for prekindergarten classes in public schools.,"[{'Description': 'H Filed', 'Comment': '', 'Date': '11/14/2016', 'Time': '', 'Journal Page': ''}]",['Bernal'],,,"{'name': '', 'status': None, 'votes': {}}","{'name': '', 'status': None, 'votes': {}}",,
HB189,85R,11/14/2016 H Filed,Introduced,Relating to the basic allotment under the foundation school program.,"[{'Description': 'H Filed', 'Comment': '', 'Date': '11/14/2016', 'Time': '', 'Journal Page': ''}]","['Gonzlez, Mary']",,,"{'name': '', 'status': None, 'votes': {}}","{'name': '', 'status': None, 'votes': {}}",,
HB190,85R,11/14/2016 H Filed,Introduced,Relating to qualifications and registration of certain voters on parole or mandatory supervision.,"[{'Description': 'H Filed', 'Comment': '', 'Date': '11/14/2016', 'Time': '', 'Journal Page': ''}]",['Dutton'],,,"{'name': '', 'status': None, 'votes': {}}","{'name': '', 'status': None, 'votes': {}}",,
HB191,85R,11/14/2016 H Filed,Introduced,Relating to the notice given by a property owner prohibiting a handgun license holder from carrying a handgun on certain property.,"[{'Description': 'H Filed', 'Comment': '', 'Date': '11/14/2016', 'Time': '', 'Journal Page': ''}]",['Bernal'],,,"{'name': '', 'status': None, 'votes': {}}","{'name': '', 'status': None, 'votes': {}}",,
HB192,85R,11/14/2016 H Filed,Introduced,Relating to the prohibition of housing discrimination on the basis of sexual orientation or gender identity or expression and to the enforcement of that prohibition; creating an offense.,"[{'Description': 'H Filed', 'Comment': '', 'Date': '11/14/2016', 'Time': '', 'Journal Page': ''}]",['Bernal'],,,"{'name': '', 'status': None, 'votes': {}}","{'name': '', 'status': None, 'votes': {}}",,
HB193,85R,11/14/2016 H Filed,Introduced,Relating to the bilingual education allotment provided under the public school finance system.,"[{'Description': 'H Filed', 'Comment': '', 'Date': '11/14/2016', 'Time': '', 'Journal Page': ''}]","['Gonzlez, Mary']",,,"{'name': '', 'status': None, 'votes': {}}","{'name': '', 'status': None, 'votes': {}}",,
HB194,85R,11/14/2016 H Filed,Introduced,Relating to providing for endorsements for public high school students enrolled in special education programs.,"[{'Description': 'H Filed', 'Comment': '', 'Date': '11/14/2016', 'Time': '', 'Journal Page': ''}]",['Bernal'],,,"{'name': '', 'status': None, 'votes': {}}","{'name': '', 'status': None, 'votes': {}}",,
HB195,85R,11/14/2016 H Filed,Introduced,Relating to coverage for diagnostic mammography under certain health benefit plans.,"[{'Description': 'H Filed', 'Comment': '', 'Date': '11/14/2016', 'Time': '', 'Journal Page': ''}]",['Bernal'],,,"{'name': '', 'status': None, 'votes': {}}","{'name': '', 'status': None, 'votes': {}}",,
HB196,85R,11/14/2016 H Filed,Introduced,Relating to providing free full-day prekindergarten for certain children.,"[{'Description': 'H Filed', 'Comment': '', 'Date': '11/14/2016', 'Time': '', 'Journal Page': ''}]","['Gonzlez, Mary']",,,"{'name': '', 'status': None, 'votes': {}}","{'name': '', 'status': None, 'votes': {}}",,
HB197,85R,11/14/2016 H Filed,Introduced,Relating to contracts and other documents issued by credit access businesses.,"[{'Description': 'H Filed', 'Comment': '', 'Date': '11/14/2016', 'Time': '', 'Journal Page': ''}]",['Bernal'],,,"{'name': '', 'status': None, 'votes': {}}","{'name': '', 'status': None, 'votes': {}}",,
HB198,85R,11/14/2016 H Filed,Introduced,Relating to installment payments of ad valorem taxes imposed on certain residence homesteads.,"[{'Description': 'H Filed', 'Comment': '', 'Date': '11/14/2016', 'Time': '', 'Journal Page': ''}]",['Bernal'],,,"{'name': '', 'status': None, 'votes': {}}","{'name': '', 'status': None, 'votes': {}}",,
HB199,85R,11/14/2016 H Filed,Introduced,Relating to participation in the countywide polling place program.,"[{'Description': 'H Filed', 'Comment': '', 'Date': '11/14/2016', 'Time': '', 'Journal Page': ''}]",['Bernal'],,,"{'name': '', 'status': None, 'votes': {}}","{'name': '', 'status': None, 'votes': {}}",,
